Datasets;SVM linear;SVM linear std;SVM poly;SVM poly std;SVM gauss;SVM gauss std;KNN;KNN std;Arbre de decision;Arbre de decision std;Adaboost;Adaboost std;Gradient boosting;Gradient boosting std;Temps Traitement
15.74% abalone8;0.7375265065238635;0.7375265065238635;0.7565479532077888;0.7565479532077888;0.7565024960017317;0.7565024960017317;0.8084949643686494;0.017025348272810534;0.8407518862741561;0.010220011244213487;0.8124642512061181;0.0060192347323322236;0.8284457542211344;0.007206592246413408;60.98426505715387
1.41% abalone17;0.7734446537454168;0.7734446537454168;0.9029799596314323;0.9029799596314323;0.9102867917548447;0.9102867917548447;0.9324434279394825;0.012155081927747965;0.9568756429845798;0.005044983729822734;0.9236675929644864;0.0038917808505562037;0.9492046376378251;0.0035717349916207664;76.98900042855114
0.63% abalone20;0.876205679433782;0.876205679433782;0.9578253670118311;0.9578253670118311;0.9547866321384022;0.9547866321384022;0.9573236564471514;0.006762315294032415;0.975012092380644;0.0032583042557843196;0.970356509666072;0.0037931743994833135;0.9697594341552414;0.004000022673816867;52.495532214292325
60.00% autompg;0.4594098669796149;0.4594098669796149;0.7800323798416569;0.7800323798416569;0.7537522835587351;0.7537522835587351;0.6929914613966316;0.09991349716798276;0.8207200139333958;0.02650148102561088;1.0;0.0;0.8809313104391009;0.04437980268710964;1.6682587571225926
Mean;0.7116466766706693;0.7116466766706693;0.8493464149231773;0.8493464149231773;0.8438320508634285;0.8438320508634285;0.8478133775379788;0.03396406066564342;0.8983399088931939;0.011256195063857855;0.9266220884591692;0.0034260474955929354;0.9070852841133255;0.014789538149740171;48.034264114279985
Average Rank;7.0;;4.0;;5.0;;6.0;;3.0;;1.0;;2.0;;
