Datasets;SVM linear;SVM linear std;SVM poly;SVM poly std;SVM gauss;SVM gauss std;KNN;KNN std;Arbre de decision;Arbre de decision std;Adaboost;Adaboost std;Gradient boosting;Gradient boosting std;Temps Traitement
60.00% autompg;0.7644629456384152;0.7644629456384152;0.7567801675826923;0.7567801675826923;0.7198987037725785;0.7198987037725785;0.7342717454414642;0.0406719417519435;0.8415625747891271;0.03789010674287687;1.0;0.0;0.8671033008385688;0.04385894924801247;0.0024871285672166516
Mean;0.7644629456384152;0.7644629456384152;0.7567801675826923;0.7567801675826923;0.7198987037725785;0.7198987037725785;0.7342717454414642;0.0406719417519435;0.8415625747891271;0.03789010674287687;1.0;0.0;0.8671033008385688;0.04385894924801247;0.0024871285672166516
Average Rank;4.0;;5.0;;7.0;;6.0;;3.0;;1.0;;2.0;;
