Datasets;SVM linear;SVM gauss;SVM poly;KNN;Arbre de decision;Adaboost;Gradient boosting;Temps Traitement
15.74% abalone8;0.7147199305254016;0.748974569319114;0.7572656569791241;0.0;0.834757627739538;0.8096550929372117;0.8336360488289267;14.350162014282043
Mean;0.7147199305254016;0.748974569319114;0.7572656569791241;0.0;0.834757627739538;0.8096550929372117;0.8336360488289267;14.350162014282043
Average Rank;6.0;5.0;4.0;7.0;1.0;3.0;2.0;
