Datasets;SVM linear;SVM gauss;SVM poly;KNN;Arbre de decision;Adaboost;Gradient boosting;Temps Traitement
60.00% autompg;0.8036697247706422+-0.003669724770642202;0.7432158377595365+-0.02742636407532595;0.720640968175706+-0.04022859704168541;0.0+-0.0;0.8493775263581154+-0.04816368360141536;1.0+-0.0;0.8451261751608115+-0.015338941118258342;1.5564191714261792
